Funds	
null	
Price search	

Instrument's name	ISIN	Euronext code	Market	Symbol	Trading currency	Last	Volume	D/D-1 (%)	Date - time (CET)	Turnover	Trading mode	Day First	Day High	Day High / Date - time (CET)	Day Low	Day Low / Date - time (CET)	 31-12/Change (%)	 31-12/High	 31-12/High/Date	 31-12/Low	 31-12/Low/Date	 52 weeks/Change (%)	 52 weeks/High	 52 weeks/High/Date	 52 weeks/Low	 52 weeks/Low/Date	Halted	Halted / Date - time (CET)	Halted	Halted / Date - time (CET)
ACH EUR AAND FD2	NL0006259988	NL0006259988	AMS	AEAF	EUR	12.26	32	-1.21	07/07/09 10:00	392	null	12.26	12.26	07/07/09 10:00	12.26	07/07/09 10:00	2.42	12.69	05/01/09	10.08	05/03/09	-27.02	18.2	12/08/08	10.08	05/03/09	-	-	-	-
ACH EUR MIX FD5	NL0006260010	NL0006260010	AMS	AEMF	EUR	19.69	1 985	0.41	09/07/09 10:00	39 085	null	19.69	19.69	09/07/09 10:00	19.69	09/07/09 10:00	1.13	20.1	21/05/09	18.23	27/02/09	-12.53	23.61	03/09/08	18.23	27/02/09	-	-	-	-
ACH EUR OBLI FD4	NL0006260002	NL0006260002	AMS	AEOF	EUR	25.75	195	0.98	03/07/09 10:00	5 021	null	25.75	25.75	03/07/09 10:00	25.75	03/07/09 10:00	4	25.75	03/07/09	24.83	18/03/09	2.92	25.75	03/07/09	24.19	14/10/08	-	-	-	-
ACH WERELD AANDFD3	NL0006259996	NL0006259996	AMS	AWAF	EUR	10.36	952	-1.15	15/05/09 10:00	9 863	null	10.36	10.36	15/05/09 10:00	10.36	15/05/09 10:00	4.86	10.7	06/01/09	8.82	05/03/09	-20.67	14.37	29/08/08	8.82	05/03/09	-	-	-	-
ACHM NL AAND FD1	NL0006259970	NL0006259970	AMS	ANAF	EUR	9.37	66	-1.88	09/07/09 10:00	618	null	9.37	9.37	09/07/09 10:00	9.37	09/07/09 10:00	-0.74	10.26	10/02/09	8.37	12/03/09	-37.74	16.23	03/09/08	8.37	12/03/09	-	-	-	-
ALLIANZ HOL 4	NL0000286920	NL0000286920	AMS	AHF	EUR	44.72	1	3.18	16/07/09 10:00	45	null	44.72	44.72	16/07/09 10:00	44.72	16/07/09 10:00	14.84	45.81	02/06/09	32.22	06/03/09	-33.72	70.52	13/08/08	32.22	06/03/09	-	-	-	-
ALLIANZ HOL AMER	NL0000286896	NL0000286896	AMS	AHAF	EUR	11.56	1	1.58	16/07/09 10:00	12	null	11.56	11.56	16/07/09 10:00	11.56	16/07/09 10:00	2.94	12.22	07/01/09	9.95	10/03/09	-16.11	15.88	09/09/08	9.95	10/03/09	-	-	-	-
ALLIANZ HOL EU 11	NL0000286979	NL0000286979	AMS	AHEF	EUR	47.95	1	2.61	16/07/09 10:00	48	null	47.95	47.95	16/07/09 10:00	47.95	16/07/09 10:00	12.85	49.32	12/06/09	34.94	10/03/09	-22.57	64.23	12/08/08	34.94	10/03/09	-	-	-	-
ALLIANZ HOL EUSEL6	NL0000286946	NL0000286946	AMS	AHESF	EUR	29.83	1	0.74	16/07/09 10:00	30	null	29.83	29.83	16/07/09 10:00	29.83	16/07/09 10:00	8.75	30.17	03/06/09	26.18	10/03/09	-3.93	31.63	13/08/08	26.18	10/03/09	-	-	-	-
ALLIANZ HOL OBLI2	NL0000286904	NL0000286904	AMS	AHOF	EUR	63.96	55	-0.22	16/07/09 10:00	3 518	null	63.96	63.96	16/07/09 10:00	63.96	16/07/09 10:00	2.09	64.13	13/07/09	61.23	27/01/09	2.55	64.55	07/10/08	61.23	27/01/09	-	-	-	-
ALLIANZ HOL PACIF5	NL0000286938	NL0000286938	AMS	AHPF	EUR	49.01	1	1.83	16/07/09 10:00	49	null	49.01	49.01	16/07/09 10:00	49.01	16/07/09 10:00	13.32	49.61	11/06/09	37.47	09/03/09	-11.17	59.66	12/08/08	37.47	09/03/09	-	-	-	-
ALLIANZ HOL SELEC3	NL0000286912	NL0000286912	AMS	AHSF	EUR	71.55	1	1.05	16/07/09 10:00	72	null	71.55	71.55	16/07/09 10:00	71.55	16/07/09 10:00	6.06	71.91	03/06/09	62.93	10/03/09	-7.44	78.68	03/09/08	62.93	10/03/09	-	-	-	-
ALLIANZ WERELD 10	NL0000286953	NL0000286953	AMS	AHWF	EUR	23.11	170	2.17	16/07/09 10:00	3 929	null	23.11	23.11	16/07/09 10:00	23.11	16/07/09 10:00	8.24	23.42	02/06/09	18.53	09/03/09	-13.64	29.17	29/08/08	18.53	09/03/09	-	-	-	-
ASN AAND FONDS 3	NL0000441301	NL0000441301	AMS	ASN	EUR	42.21	4 348	2.1	16/07/09 10:00	183 529	null	42.21	42.21	16/07/09 10:00	42.21	16/07/09 10:00	3	44.44	07/01/09	35.46	10/03/09	-15.07	56.05	12/08/08	35.46	10/03/09	-	-	-	-
ASN MILIEU&WATER 2	NL0000280501	NL0000280501	AMS	ASNML	EUR	12.58	9 664	2.28	16/07/09 10:00	121 573	null	12.58	12.58	16/07/09 10:00	12.58	16/07/09 10:00	13.95	12.87	15/06/09	9.63	10/03/09	-13.48	16.13	12/08/08	9.63	10/03/09	-	-	-	-
ASN MIXFONDS 4	NL0000280089	NL0000280089	AMS	ABFW	EUR	55	2	0.97	16/07/09 10:00	110	null	55	55	16/07/09 10:00	55	16/07/09 10:00	-0.92	57.47	07/01/09	52.03	10/03/09	-4.40	61.26	03/09/08	52.03	10/03/09	-	-	-	-
ASN OBLIGATIE FD 1	NL0000441244	NL0000441244	AMS	ASNOB	EUR	26.84	2 602	0	16/07/09 10:00	69 838	null	26.84	26.84	16/07/09 10:00	26.84	16/07/09 10:00	-3.45	27.87	05/01/09	26.22	08/06/09	5.46	27.88	30/12/08	25.18	22/07/08	-	-	-	-
ASN SMALL/MIDCAP 5	NL0000290518	NL0000290518	AMS	ASN5	EUR	15.01	3 250	2.04	16/07/09 10:00	48 783	null	15.01	15.01	16/07/09 10:00	15.01	16/07/09 10:00	7.75	15.43	15/06/09	11.5	10/03/09	-29.30	22.62	03/09/08	11.5	10/03/09	-	-	-	-
COLUMBIA SECURITY	NL0000440709	NL0000440709	AMS	COLUM	USD	178.53	0	0	14/07/09 10:00	0	null	178.53	0	-	0	-	-100	183.38	07/01/09	0	-	-100.00	283.15	16/07/08	-	10/03/09	-	-	-	-
DELTA DEELNMNG FDS	NL0000288389	NL0000288389	AMS	DLDEE	EUR	34.02	9 850	1.16	16/07/09 10:00	335 097	null	34.02	34.02	16/07/09 10:00	34.02	16/07/09 10:00	19.2	35.82	03/06/09	24.38	10/03/09	-21.29	46.36	07/08/08	24.38	10/03/09	-	-	-	-
DELTA LLOYD DOLLAR	NL0000442010	NL0000442010	AMS	DLDF	EUR	8.98	50	-1.64	16/07/09 10:00	449	null	8.98	8.98	16/07/09 10:00	8.98	16/07/09 10:00	-6.56	10.51	18/02/09	8.65	03/06/09	17.69	10.51	18/02/09	7.53	22/07/08	-	-	-	-
DELTA LLOYD DONAU	NL0000286326	NL0000286326	AMS	DLDAU	EUR	15.32	3 180	3.16	16/07/09 10:00	48 718	null	15.32	15.32	16/07/09 10:00	15.32	16/07/09 10:00	27.45	17.24	03/06/09	10.12	23/02/09	-46.53	28.97	18/07/08	10.12	23/02/09	-	-	-	-
DELTA LLOYD EU CR	NL0000286482	NL0000286482	AMS	DLECF	EUR	10.44	151 760	-0.1	16/07/09 10:00	1 584 374	null	10.44	10.44	16/07/09 10:00	10.44	16/07/09 10:00	2.55	10.45	15/07/09	9.8	24/04/09	3.78	10.45	15/07/09	9.8	24/04/09	-	-	-	-
DELTA LLOYD EUR DF	NL0006056509	NL0006056509	AMS	DLEDF	EUR	15.2	5 413	0.6	16/07/09 10:00	82 278	null	15.2	15.2	16/07/09 10:00	15.2	16/07/09 10:00	-0.85	16.52	07/01/09	12.77	10/03/09	-30.85	22.71	09/09/08	12.77	10/03/09	-	-	-	-
DELTA LLOYD EUROFD	NL0000292712	NL0000292712	AMS	DELEF	EUR	4.82	176	2.34	16/07/09 10:00	848	null	4.82	4.82	16/07/09 10:00	4.82	16/07/09 10:00	-2.03	5.3	07/01/09	4.09	10/03/09	-26.07	6.88	12/08/08	4.09	10/03/09	-	-	-	-
DELTA LLOYD INVEST	NL0000286318	NL0000286318	AMS	DLIF	EUR	4.74	7 143	2.38	16/07/09 10:00	33 858	null	4.74	4.74	16/07/09 10:00	4.74	16/07/09 10:00	8.47	4.95	12/06/09	3.8	10/03/09	-20.87	6.48	12/08/08	3.8	10/03/09	-	-	-	-
DELTA LLOYD MIX FD	NL0000442077	NL0000442077	AMS	DLMIX	EUR	9.15	839	0.66	16/07/09 10:00	7 677	null	9.15	9.15	16/07/09 10:00	9.15	16/07/09 10:00	3.16	9.23	26/06/09	8.32	10/03/09	-5.08	9.98	18/08/08	8.32	10/03/09	-	-	-	-
DELTA LLOYD NL FD	NL0000286334	NL0000286334	AMS	DLNL	EUR	4.79	71	3.01	16/07/09 10:00	340	null	4.79	4.79	16/07/09 10:00	4.79	16/07/09 10:00	12.18	4.94	03/06/09	3.86	10/03/09	-30.28	7.46	03/09/08	3.86	10/03/09	-	-	-	-
DELTA LLOYD RENTE	NL0000442101	NL0000442101	AMS	DLRF	EUR	12.6	28 541	-0.08	16/07/09 10:00	359 617	null	12.6	12.6	16/07/09 10:00	12.6	16/07/09 10:00	-1.18	12.78	05/01/09	12.15	24/04/09	5.70	12.78	05/01/09	11.74	24/07/08	-	-	-	-
DELTA LLOYD SLD FD	NL0000292746	NL0000292746	AMS	DLSDF	EUR	6.04	11 335	1	16/07/09 10:00	68 463	null	6.04	6.04	16/07/09 10:00	6.04	16/07/09 10:00	-8.21	6.9	07/01/09	5.5	10/03/09	-20.42	8.1	22/09/08	5.5	10/03/09	-	-	-	-
DRES VPV EUR VALFD	NL0006017956	NL0006017956	AMS	DREEV	EUR	18.07	1 029	2.55	16/07/09 10:00	18 594	null	18.07	18.07	16/07/09 10:00	18.07	16/07/09 10:00	11.89	18.77	11/06/09	14.04	09/03/09	-30.02	30.45	12/08/08	14.04	09/03/09	-	-	-	-
DRES VPV INCOME	NL0000291441	NL0000291441	AMS	DRIGM	EUR	12.57	200	0.4	16/07/09 10:00	2 514	null	12.57	12.57	16/07/09 10:00	12.57	16/07/09 10:00	-16.59	14.89	13/07/09	11.68	14/04/09	-53.06	27.04	25/07/08	11.68	14/04/09	-	-	-	-
FAXTOR CREDIT VAL	NL0000290070	NL0000290070	AMS	FAXTR	EUR	9.98	0	-20.22	02/01/09 10:00	0	null	9.98	9.98	02/01/09 10:00	9.98	02/01/09 10:00	-20.22	9.98	02/01/09	9.98	02/01/09	-52.84	21.15	30/07/08	9.98	02/01/09	-	-	-	-
FB OBAM	NL0006293888	NL0006293888	AMS	OBAM	EUR	39.83	89 320	3.16	16/07/09 10:00	3 557 616	null	39.83	39.83	16/07/09 10:00	39.83	16/07/09 10:00	36.08	43.14	12/06/09	26.88	09/03/09	-40.97	68.01	31/07/08	26.88	09/03/09	-	-	-	-
FORTIS AEXI FD9	NL0006477853	NL0006477853	AMS	FAEXF	EUR	273.28	1 591	3.54	16/07/09 10:00	434 788	null	273.28	273.28	16/07/09 10:00	273.28	16/07/09 10:00	8.8	281.73	03/06/09	203.73	10/03/09	-33.31	432.91	13/08/08	203.73	10/03/09	-	-	-	-
FORTIS ALLIN FD	NL0006477903	NL0006477903	AMS	FAIF	EUR	47.45	2 369	0.59	16/07/09 10:00	112 409	null	47.45	47.45	16/07/09 10:00	47.45	16/07/09 10:00	-2.02	49.39	07/01/09	45.42	06/03/09	-5.19	51.57	09/09/08	45.42	06/03/09	-	-	-	-
FORTIS ALLINC FD7	NL0006477929	NL0006477929	AMS	FAICF	EUR	35.39	2 134	1.23	16/07/09 10:00	75 522	null	35.39	35.39	16/07/09 10:00	35.39	16/07/09 10:00	2.85	35.68	11/05/09	29.19	10/03/09	-18.44	45.56	12/08/08	29.19	10/03/09	-	-	-	-
FORTIS APHI FD19	NL0006477887	NL0006477887	AMS	FAPHF	EUR	40.26	3 083	2.29	16/07/09 10:00	124 122	null	40.26	40.26	16/07/09 10:00	40.26	16/07/09 10:00	11.74	41.22	10/06/09	32.2	09/03/09	-23.49	55.08	24/07/08	32.2	09/03/09	-	-	-	-
FORTIS EUROBL FD2	NL0006477911	NL0006477911	AMS	FEOF	EUR	100.39	12 158	-0.15	16/07/09 10:00	1 220 542	null	100.39	100.39	16/07/09 10:00	100.39	16/07/09 10:00	-2.48	103.57	30/04/09	97.92	08/06/09	5.30	103.86	04/12/08	94.26	22/07/08	-	-	-	-
FORTIS GHIE FD18	NL0006477879	NL0006477879	AMS	FGHEF	EUR	45.44	48 770	1.36	16/07/09 10:00	2 216 109	null	45.44	45.44	16/07/09 10:00	45.44	16/07/09 10:00	0.62	47.57	07/01/09	35.62	10/03/09	-25.91	66.04	12/08/08	35.62	10/03/09	-	-	-	-
FORTIS GPS FD4	NL0006477804	NL0006477804	AMS	FGPSF	EUR	30.32	1 363	1.88	16/07/09 10:00	41 326	null	30.32	30.32	16/07/09 10:00	30.32	16/07/09 10:00	6.54	32.08	07/01/09	20.4	09/03/09	-32.88	52.66	12/08/08	20.4	09/03/09	-	-	-	-
FORTIS HIP FD10	NL0006477861	NL0006477861	AMS	FHPF	EUR	18.62	2 556	2.59	16/07/09 10:00	47 593	null	18.62	18.62	16/07/09 10:00	18.62	16/07/09 10:00	-4.02	20.45	07/01/09	12.74	09/03/09	-39.37	35.24	24/07/08	12.74	09/03/09	-	-	-	-
FORTIS NETH FD2	NL0006477796	NL0006477796	AMS	FNF	EUR	79.15	796	3.72	16/07/09 10:00	63 003	null	79.15	79.15	16/07/09 10:00	79.15	16/07/09 10:00	7.02	80.65	12/06/09	61.7	09/03/09	-37.89	134.91	13/08/08	61.7	09/03/09	-	-	-	-
FORTIS PGD FD5	NL0006477895	NL0006477895	AMS	FPDEF	EUR	34.84	84 422	1.57	16/07/09 10:00	2 941 262	null	34.84	34.84	16/07/09 10:00	34.84	16/07/09 10:00	-3.94	37.5	07/01/09	29.72	09/03/09	-21.00	46.47	12/08/08	29.72	09/03/09	-	-	-	-
FORTIS PS FDA5	NL0006477812	NL0006477812	AMS	FPSA	EUR	28.78	1	1.84	16/07/09 10:00	29	null	28.78	28.78	16/07/09 10:00	28.78	16/07/09 10:00	13.22	30.65	07/05/09	18.26	09/03/09	-38.00	56.65	12/08/08	18.26	09/03/09	-	-	-	-
FORTIS PS FDE6	NL0006477820	NL0006477820	AMS	FPSEU	EUR	30.79	124	1.72	16/07/09 10:00	3 818	null	30.79	30.79	16/07/09 10:00	30.79	16/07/09 10:00	13.28	32.13	08/05/09	18.53	10/03/09	-35.46	54.86	13/08/08	18.53	10/03/09	-	-	-	-
FORTIS PS FDE7	NL0006477838	NL0006477838	AMS	FPSFE	EUR	25.75	247	1.42	16/07/09 10:00	6 360	null	25.75	25.75	16/07/09 10:00	25.75	16/07/09 10:00	18.66	26.21	30/06/09	15.98	09/03/09	-12.00	34.15	24/07/08	15.98	09/03/09	-	-	-	-
FORTIS SCN FD8	NL0006477846	NL0006477846	AMS	FSCNF	EUR	75.53	282	2.57	16/07/09 10:00	21 299	null	75.53	75.53	16/07/09 10:00	75.53	16/07/09 10:00	33.94	77.89	11/06/09	51.32	10/03/09	-8.30	92.54	12/08/08	51.32	10/03/09	-	-	-	-
FSB AAND FND	NL0000285955	NL0000285955	AMS	FLBAF	EUR	14.28	2	1.64	16/07/09 10:00	29	null	14.28	14.28	16/07/09 10:00	14.28	16/07/09 10:00	-1.11	16.03	07/01/09	12.86	10/03/09	-23.92	20.6	09/09/08	12.86	10/03/09	-	-	-	-
FSB EURORENT FD	NL0000286052	NL0000286052	AMS	FBREN	EUR	23.4	1 425	-0.21	16/07/09 10:00	33 345	null	23.4	23.4	16/07/09 10:00	23.4	16/07/09 10:00	-4.65	24.66	02/01/09	22.65	08/06/09	-2.17	25.04	04/12/08	22.65	08/06/09	-	-	-	-
HIMALAYAN FUND NV	NL0000464154	NL0000464154	AMS	HIMFD	USD	37.45	0	0	10/07/09 10:00	0	null	37.45	0	-	0	-	-100	26.63	02/01/09	0	-	-100.00	49.1	08/08/08	-	08/06/09	-	-	-	-
IDB ALCHEMY	NL0000286391	NL0000286391	AMS	INSAC	EUR	20.04	1 920	-0.4	16/07/09 10:00	38 477	null	20.04	20.04	16/07/09 10:00	20.04	16/07/09 10:00	6.37	21.45	11/06/09	16.48	09/03/09	-17.19	26.12	19/08/08	16.48	09/03/09	-	-	-	-
IDB EMERG COMP	NL0000293207	NL0000293207	AMS	INSEM	EUR	17.07	959	0.47	15/07/09 10:00	16 370	null	17.07	17.07	15/07/09 10:00	17.07	15/07/09 10:00	6.09	17.97	09/06/09	13.75	11/03/09	-29.14	25.89	03/09/08	13.75	11/03/09	-	-	-	-
IDB EQTY INCOME	NL0000285609	NL0000285609	AMS	INSTV	EUR	34.16	4 871	1.46	16/07/09 10:00	166 393	null	34.16	34.16	16/07/09 10:00	34.16	16/07/09 10:00	-3.28	37.24	08/01/09	29.84	10/03/09	-17.98	46.25	13/08/08	29.84	10/03/09	-	-	-	-
IDB GLOB CONVERT	NL0000285567	NL0000285567	AMS	INSGL	EUR	36.02	9 210	1.27	16/07/09 10:00	331 744	null	36.02	36.02	16/07/09 10:00	36.02	16/07/09 10:00	9.42	37.05	11/05/09	31.58	10/03/09	-19.71	45.03	01/08/08	29.95	24/11/08	-	-	-	-
IDB MM INTER EQTY	NL0000284883	NL0000284883	AMS	IDBIE	EUR	136.24	481	-1.59	15/07/09 10:00	65 531	null	136.24	136.24	15/07/09 10:00	136.24	15/07/09 10:00	10.26	143.72	16/06/09	112.27	10/03/09	-17.85	179.71	11/09/08	112.27	10/03/09	-	-	-	-
IDB REALEST EQT FD	NL0000285591	NL0000285591	AMS	INSRE	EUR	91.01	563	1.22	16/07/09 10:00	51 239	null	91.01	91.01	16/07/09 10:00	91.01	16/07/09 10:00	6.38	96.3	15/06/09	75.03	10/03/09	-6.36	101.62	08/09/08	75.03	10/03/09	-	-	-	-
ING AEX SHADOW	NL0000292738	NL0000292738	AMS	INGAX	EUR	26.48	48	3.48	16/07/09 10:00	1 271	null	26.48	26.48	16/07/09 10:00	26.48	16/07/09 10:00	5.62	27.3	03/06/09	20.35	10/03/09	-34.70	42.98	03/09/08	20.35	10/03/09	-	-	-	-
ING BASIC MAT FD 6	NL0000289882	NL0000289882	AMS	INGBM	EUR	36.84	2 232	2.88	16/07/09 10:00	82 227	null	36.84	36.84	16/07/09 10:00	36.84	16/07/09 10:00	34.65	40.96	03/06/09	26.85	04/03/09	-38.86	59.02	01/08/08	23.92	21/11/08	-	-	-	-
ING BIOTECHN FD	NL0006311722	NL0006311722	AMS	INGBT	EUR	11.9	405	0.51	16/07/09 10:00	4 820	null	11.9	11.9	16/07/09 10:00	11.9	16/07/09 10:00	-0.75	13.74	09/02/09	11.13	10/03/09	-9.16	15.28	18/08/08	11.13	10/03/09	-	-	-	-
ING DAILY CONSGD8	NL0000289767	NL0000289767	AMS	INGDC	EUR	33.75	6 198	1.23	16/07/09 10:00	209 183	null	33.75	33.75	16/07/09 10:00	33.75	16/07/09 10:00	10.22	33.89	19/05/09	28.51	20/03/09	1.93	37.65	12/09/08	28.51	20/03/09	-	-	-	-
ING DUTCH FD 11	NL0000287993	NL0000287993	AMS	INGDF	EUR	35.84	4 711	3.55	16/07/09 10:00	168 842	null	35.84	35.84	16/07/09 10:00	35.84	16/07/09 10:00	1.59	39.49	03/06/09	28.94	10/03/09	-34.79	58.11	03/09/08	28.94	10/03/09	-	-	-	-
ING DYN MIX1 FD	NL0000293140	NL0000293140	AMS	MIX1	EUR	23.22	441	0	16/07/09 10:00	10 240	null	23.22	23.22	16/07/09 10:00	23.22	16/07/09 10:00	0.3	24	19/05/09	22.8	27/01/09	-0.17	24	19/05/09	22.73	16/10/08	-	-	-	-
ING DYN MIX2 FD	NL0000293157	NL0000293157	AMS	MIX2	EUR	20.82	1 886	0.34	16/07/09 10:00	39 267	null	20.82	20.82	16/07/09 10:00	20.82	16/07/09 10:00	2.11	21.5	02/06/09	19.61	10/03/09	-4.50	22.48	02/09/08	19.61	10/03/09	-	-	-	-
ING DYN MIX3 FD	NL0000293165	NL0000293165	AMS	MIX3	EUR	18.25	4 563	0.66	16/07/09 10:00	83 275	null	18.25	18.25	16/07/09 10:00	18.25	16/07/09 10:00	4.29	18.8	02/06/09	16.38	10/03/09	-8.25	20.82	02/09/08	16.38	10/03/09	-	-	-	-
ING DYN MIX4 FD	NL0000293173	NL0000293173	AMS	MIX4	EUR	16.39	3 968	0.99	16/07/09 10:00	65 036	null	16.39	16.39	16/07/09 10:00	16.39	16/07/09 10:00	5.67	16.92	02/06/09	14.11	10/03/09	-12.63	19.87	02/09/08	14.11	10/03/09	-	-	-	-
ING DYN MIX5 FD	NL0000293181	NL0000293181	AMS	MIX5	EUR	13.97	6 173	1.6	16/07/09 10:00	86 237	null	13.97	13.97	16/07/09 10:00	13.97	16/07/09 10:00	7.13	14.43	02/06/09	11.54	10/03/09	-16.75	17.99	02/09/08	11.54	10/03/09	-	-	-	-
ING DZ AAND FD	NL0006311789	NL0006311789	AMS	INGDZ	EUR	12.55	12 487	2.03	16/07/09 10:00	156 712	null	12.55	12.55	16/07/09 10:00	12.55	16/07/09 10:00	10.18	12.77	15/06/09	10.01	10/03/09	-16.11	16.22	29/08/08	10.01	10/03/09	-	-	-	-
ING EMRG ESTEUR FD	NL0000292225	NL0000292225	AMS	INGEE	EUR	37.86	3 600	3.7	16/07/09 10:00	136 296	null	37.86	37.86	16/07/09 10:00	37.86	16/07/09 10:00	20.84	46.5	02/06/09	26.05	19/02/09	-53.47	81.39	18/07/08	26.05	19/02/09	-	-	-	-
ING ENERGY FD 2	NL0000289791	NL0000289791	AMS	INGGY	EUR	38.05	10 191	2.59	16/07/09 10:00	387 768	null	38.05	38.05	16/07/09 10:00	38.05	16/07/09 10:00	11.06	42.39	12/06/09	32.65	04/03/09	-32.61	56.32	28/08/08	32.21	21/11/08	-	-	-	-
ING EU SM CP FD	NL0006311730	NL0006311730	AMS	INGSC	EUR	29.34	701	2.37	16/07/09 10:00	20 567	null	29.34	29.34	16/07/09 10:00	29.34	16/07/09 10:00	25.44	30.69	15/06/09	20.5	10/03/09	-25.10	42.75	12/08/08	20.5	10/03/09	-	-	-	-
ING EUR GROWTH FD	NL0000292753	NL0000292753	AMS	INGEG	EUR	13.76	3 421	2.38	16/07/09 10:00	47 073	null	13.76	13.76	16/07/09 10:00	13.76	16/07/09 10:00	10.08	14.47	03/06/09	10.73	10/03/09	-21.42	18.64	03/09/08	10.73	10/03/09	-	-	-	-
ING EURO CR OBL FD	NL0006311854	NL0006311854	AMS	INGEC	EUR	21.4	1 261	-0.33	16/07/09 10:00	26 985	null	21.4	21.4	16/07/09 10:00	21.4	16/07/09 10:00	0.47	21.7	04/06/09	19.22	18/03/09	-8.19	23.72	20/08/08	19.22	18/03/09	-	-	-	-
ING EURO OBLI FD	NL0006311797	NL0006311797	AMS	INGEU	EUR	35.08	13 950	0.09	16/07/09 10:00	489 366	null	35.08	35.08	16/07/09 10:00	35.08	16/07/09 10:00	0.34	36	22/05/09	34.28	08/06/09	2.78	36	22/05/09	33.77	22/07/08	-	-	-	-
ING EUROPE FUND 20	NL0000292332	NL0000292332	AMS	EFING	EUR	16.4	19 004	2.95	16/07/09 10:00	311 666	null	16.4	16.4	16/07/09 10:00	16.4	16/07/09 10:00	7.26	17.88	02/06/09	12	10/03/09	-20.85	22.38	03/09/08	12	10/03/09	-	-	-	-
ING FAR EAST FD	NL0006311755	NL0006311755	AMS	INGFE	EUR	24.7	5 852	0.45	16/07/09 10:00	144 544	null	24.7	24.7	16/07/09 10:00	24.7	16/07/09 10:00	11.31	26	02/06/09	19.32	10/03/09	-14.92	30.24	24/07/08	19.32	10/03/09	-	-	-	-
ING FINANC FUND 10	NL0000286169	NL0000286169	AMS	INGFI	EUR	9.99	18 856	2.67	16/07/09 10:00	188 371	null	9.99	9.99	16/07/09 10:00	9.99	16/07/09 10:00	8.23	10.78	11/05/09	5.99	10/03/09	-27.24	16.16	09/09/08	5.99	10/03/09	-	-	-	-
ING FIRSTCLAS FD30	NL0000286441	NL0000286441	AMS	INKOF	EUR	22.9	19 077	0.04	16/07/09 10:00	436 863	null	22.9	22.9	16/07/09 10:00	22.9	16/07/09 10:00	4.57	22.95	08/07/09	21.26	18/03/09	-0.61	23.34	07/08/08	21.26	18/03/09	-	-	-	-
ING GLOB GROWTH FD	NL0000287928	NL0000287928	AMS	INGGG	EUR	16.34	57 828	1.87	16/07/09 10:00	944 910	null	16.34	16.34	16/07/09 10:00	16.34	16/07/09 10:00	25.69	16.87	15/06/09	12.93	10/03/09	-8.97	19.19	29/08/08	12.2	21/11/08	-	-	-	-
ING GLOB RL EST FD	NL0006311847	NL0006311847	AMS	INGGR	EUR	40.39	9 591	1	16/07/09 10:00	387 380	null	40.39	40.39	16/07/09 10:00	40.39	16/07/09 10:00	-9.3	47.89	07/01/09	34.28	10/03/09	-26.90	64.13	12/09/08	34.28	10/03/09	-	-	-	-
ING GLOBAL EM FD	NL0006311771	NL0006311771	AMS	INGEM	EUR	26.16	1 732	2.99	16/07/09 10:00	45 309	null	26.16	26.16	16/07/09 10:00	26.16	16/07/09 10:00	35.33	27.05	02/06/09	18.58	03/03/09	-21.72	34.37	24/07/08	17.63	28/10/08	-	-	-	-
ING GLOBAL FD	NL0006311805	NL0006311805	AMS	INGGL	EUR	38.86	4 689	2.51	16/07/09 10:00	182 215	null	38.86	38.86	16/07/09 10:00	38.86	16/07/09 10:00	14.46	40.68	02/06/09	29.29	10/03/09	-15.02	48.87	02/09/08	29.29	10/03/09	-	-	-	-
ING GLOBAL OBL FD	NL0006311839	NL0006311839	AMS	INGOF	EUR	12.9	13 653	-0.92	16/07/09 10:00	176 124	null	12.9	12.9	16/07/09 10:00	12.9	16/07/09 10:00	-1.68	14.11	19/02/09	12.52	12/06/09	8.68	14.11	19/02/09	11.76	22/07/08	-	-	-	-
ING HEALTH CARE 9	NL0000292274	NL0000292274	AMS	INGFM	EUR	17.86	13 330	-0.11	16/07/09 10:00	238 074	null	17.86	17.86	16/07/09 10:00	17.86	16/07/09 10:00	-0.28	19.55	09/02/09	16.43	10/03/09	-6.49	21.49	18/08/08	16.43	10/03/09	-	-	-	-
ING HG DIV OBL FD	NL0006311813	NL0006311813	AMS	INGHO	EUR	19.03	7 359	1.12	16/07/09 10:00	140 042	null	19.03	19.03	16/07/09 10:00	19.03	16/07/09 10:00	18.42	19.03	16/07/09	15.39	10/03/09	-18.92	23.62	09/09/08	15.11	16/12/08	-	-	-	-
ING HG DV AANDFD17	NL0000289858	NL0000289858	AMS	INGHD	EUR	16.56	111 478	1.91	16/07/09 10:00	1 846 076	null	16.56	16.56	16/07/09 10:00	16.56	16/07/09 10:00	-0.6	18.05	07/01/09	13.31	10/03/09	-20.73	23.5	12/08/08	13.31	10/03/09	-	-	-	-
ING INDUSTR FD 3	NL0000289841	NL0000289841	AMS	INGDU	EUR	24.22	7 722	1.72	16/07/09 10:00	187 027	null	24.22	24.22	16/07/09 10:00	24.22	16/07/09 10:00	2.58	26.73	11/05/09	18.88	10/03/09	-26.74	35.77	03/09/08	18.88	10/03/09	-	-	-	-
ING INF TECHN FD	NL0006311821	NL0006311821	AMS	INGIT	EUR	24.22	9 207	2.85	16/07/09 10:00	222 994	null	24.22	24.22	16/07/09 10:00	24.22	16/07/09 10:00	27.41	24.22	16/07/09	18.09	10/03/09	-2.89	28.75	18/08/08	18.09	10/03/09	-	-	-	-
ING INTERNET FD 12	NL0000288025	NL0000288025	AMS	INGIN	EUR	12.04	3 523	3.17	16/07/09 10:00	42 417	null	12.04	12.04	16/07/09 10:00	12.04	16/07/09 10:00	33.04	12.24	10/06/09	9.14	10/03/09	4.33	13.75	18/08/08	8.57	21/11/08	-	-	-	-
ING JAPAN FUND 13	NL0000286078	NL0000286078	AMS	INGJF	EUR	7.77	16 060	-1.4	16/07/09 10:00	124 786	null	7.77	7.77	16/07/09 10:00	7.77	16/07/09 10:00	-4.31	8.56	13/01/09	6.6	10/03/09	-20.80	10.25	25/07/08	6.6	10/03/09	-	-	-	-
ING LION FUND	NL0006311862	NL0006311862	AMS	INGLF	EUR	29.53	4 013	0.44	16/07/09 10:00	118 504	null	29.53	29.53	16/07/09 10:00	29.53	16/07/09 10:00	0.14	30.77	11/05/09	27.6	10/03/09	-8.89	33.7	09/09/08	27.6	10/03/09	-	-	-	-
ING LX CONS GDSFD	NL0000289684	NL0000289684	AMS	INGUX	EUR	20.41	325	0.84	16/07/09 10:00	6 633	null	20.41	20.41	16/07/09 10:00	20.41	16/07/09 10:00	10.68	22.29	07/05/09	16.47	10/03/09	-3.95	24.89	09/09/08	16.47	10/03/09	-	-	-	-
ING NORTH AMERICA	NL0000286045	NL0000286045	AMS	INGNO	EUR	14.42	12 221	1.98	16/07/09 10:00	176 227	null	14.42	14.42	16/07/09 10:00	14.42	16/07/09 10:00	3	15.52	07/01/09	12.26	10/03/09	-11.32	18.52	12/09/08	12.26	10/03/09	-	-	-	-
ING OPP AAND FONDS	NL0006052011	NL0006052011	AMS	INGOA	EUR	19.93	9 967	0.66	16/07/09 10:00	198 642	null	19.93	19.93	16/07/09 10:00	19.93	16/07/09 10:00	3.43	20.32	02/06/09	18.3	10/03/09	-8.91	22.47	02/09/08	18.3	10/03/09	-	-	-	-
ING PR DIV FD	NL0006311748	NL0006311748	AMS	INGPD	EUR	15.83	29 438	1.6	16/07/09 10:00	466 004	null	15.83	15.83	16/07/09 10:00	15.83	16/07/09 10:00	1.8	16.28	07/01/09	13.03	09/03/09	-21.75	21.23	12/08/08	13.03	09/03/09	-	-	-	-
ING TLC SERV FD 4	NL0000289999	NL0000289999	AMS	INGTS	EUR	22.65	1 852	1.12	16/07/09 10:00	41 948	null	22.65	22.65	16/07/09 10:00	22.65	16/07/09 10:00	-6.94	25.96	07/01/09	21.38	10/03/09	-19.77	29.39	03/09/08	21.38	10/03/09	-	-	-	-
ING UTILITIES FD 5	NL0000289668	NL0000289668	AMS	INGUT	EUR	36.41	9 029	0.69	16/07/09 10:00	328 746	null	36.41	36.41	16/07/09 10:00	36.41	16/07/09 10:00	-8.15	42.28	06/01/09	33.1	12/03/09	-27.17	51.04	29/08/08	33.1	12/03/09	-	-	-	-
ING YOUNG MIX FD	NL0006311763	NL0006311763	AMS	INGYM	EUR	20.27	243	0.95	16/07/09 10:00	4 926	null	20.27	20.27	16/07/09 10:00	20.27	16/07/09 10:00	7.08	20.89	02/06/09	17.71	10/03/09	-1.41	21.83	13/08/08	17.71	10/03/09	-	-	-	-
INTEREFF EM AFRICA	NL0006173007	NL0006173007	AMS	INEMA	EUR	11.07	226	-0.27	16/07/09 10:00	2 502	null	11.07	11.07	16/07/09 10:00	11.07	16/07/09 10:00	5.73	11.72	15/06/09	8.78	23/03/09	-36.20	17.86	05/09/08	8.78	23/03/09	-	-	-	-
INTEREFF VIETNAM	NL0006489189	NL0006489189	AMS	INVIE	EUR	11.2	65	1.36	16/07/09 10:00	728	null	11.2	11.2	16/07/09 10:00	11.2	16/07/09 10:00	32.39	12.37	15/06/09	8.08	10/03/09	32.39	12.37	15/06/09	8.08	10/03/09	-	-	-	-
KEMPEN EUR PART	NL0009039742	NL0009039742	AMS	KEP	EUR	36 272.87	183	16.64	01/07/09 10:00	6 637 935	null	36 272.87	36 272.87	01/07/09 10:00	36 272.87	01/07/09 10:00	16.64	36 272.87	01/07/09	31 096.99	01/04/09	16.64	36 272.87	01/07/09	31 096.99	01/04/09	-	-	-	-
KEMPEN EURO CREDIT	NL0006477457	NL0006477457	AMS	KECF	EUR	43.35	391 600	0.05	16/07/09 10:00	16 975 860	null	43.35	43.35	16/07/09 10:00	43.35	16/07/09 10:00	9.25	43.35	16/07/09	37.87	18/03/09	3.24	43.35	16/07/09	37.87	18/03/09	-	-	-	-
LANSCHOT MS DEF	NL0000290468	NL0000290468	AMS	LANDE	EUR	21.31	2 700	1.09	16/07/09 10:00	57 537	null	21.31	21.31	16/07/09 10:00	21.31	16/07/09 10:00	0	22.21	07/05/09	20.27	10/03/09	-6.37	23.54	03/09/08	20.27	10/03/09	-	-	-	-
LANSCHOT MS GRO	NL0000290484	NL0000290484	AMS	LANGR	EUR	17.96	485	0.73	15/07/09 10:00	8 711	null	17.96	17.96	15/07/09 10:00	17.96	15/07/09 10:00	3.88	18.73	03/06/09	15.27	10/03/09	-14.07	22.34	03/09/08	15.27	10/03/09	-	-	-	-
LANSCHOT MS NEU	NL0000290476	NL0000290476	AMS	LANNE	EUR	19.91	1 500	0.66	15/07/09 10:00	29 865	null	19.91	19.91	15/07/09 10:00	19.91	15/07/09 10:00	2.73	20.74	08/06/09	17.73	10/03/09	-10.03	23.3	03/09/08	17.73	10/03/09	-	-	-	-
LANSCHOT MS OFF	NL0000290492	NL0000290492	AMS	LANOF	EUR	16.79	3 660	2.07	16/07/09 10:00	61 451	null	16.79	16.79	16/07/09 10:00	16.79	16/07/09 10:00	8.74	17.23	08/06/09	13.08	10/03/09	-15.88	21.58	03/09/08	13.08	10/03/09	-	-	-	-
MASTERMIX GL MIXF	NL0006057077	NL0006057077	AMS	EDEF	EUR	17.43	600	1.51	16/07/09 10:00	10 458	null	17.43	17.43	16/07/09 10:00	17.43	16/07/09 10:00	5	17.43	16/07/09	14.62	10/03/09	-9.55	20.31	18/08/08	14.62	10/03/09	-	-	-	-
MEI REAL ESTATE	NL0006311706	NL0006311706	AMS	MERE	EUR	28.86	0	-0.41	30/09/08 10:00	0	null	28.86	28.86	30/09/08 10:00	28.86	30/09/08 10:00	0	28.86	30/09/08 10:00	0	-	-2.80	29.9	22/07/08	28.66	09/09/08	-	-	-	-
MEI ROM EN BUL FD	NL0000287282	NL0000287282	AMS	RBF	EUR	6.64	6 029	1.07	16/07/09 10:00	40 033	null	6.64	6.64	16/07/09 10:00	6.64	16/07/09 10:00	-2.78	7.4	11/05/09	4.62	26/02/09	-71.05	22.76	08/08/08	4.62	26/02/09	-	-	-	-
MEI RUSLAND MID FO	NL0006033219	NL0006033219	AMS	RMF	EUR	8.55	6	-2.95	14/07/09 10:00	51	null	8.55	8.55	14/07/09 10:00	8.55	14/07/09 10:00	19.75	9.26	12/06/09	7.5	18/03/09	-54.35	18.5	18/07/08	7.09	30/12/08	-	-	-	-
MEI TSJECH SLOWAK	NL0000290575	NL0000290575	AMS	TSJEC	EUR	21.96	250	-1.92	15/07/09 10:00	5 490	null	21.96	21.96	15/07/09 10:00	21.96	15/07/09 10:00	-6.55	24.55	07/01/09	18.52	18/03/09	-43.75	39.8	18/07/08	18.52	18/03/09	-	-	-	-
OHRA AANDELEN FNDS	NL0000441871	NL0000441871	AMS	OHADF	EUR	11.3	4 763	1.89	16/07/09 10:00	53 822	null	11.3	11.3	16/07/09 10:00	11.3	16/07/09 10:00	14.03	11.87	12/06/09	9	10/03/09	-21.64	16.01	29/08/08	9	10/03/09	-	-	-	-
OHRA CARE FUND	NL0000441749	NL0000441749	AMS	OHCF	EUR	11.88	1 139	0.51	16/07/09 10:00	13 531	null	11.88	11.88	16/07/09 10:00	11.88	16/07/09 10:00	-0.5	13.39	17/02/09	10.99	23/03/09	-20.64	17.03	18/08/08	10.99	23/03/09	-	-	-	-
OHRA MILIEUTECHN	NL0000441731	NL0000441731	AMS	OHMT	EUR	11.66	2 003	2.73	16/07/09 10:00	23 355	null	11.66	11.66	16/07/09 10:00	11.66	16/07/09 10:00	9.18	12.56	12/06/09	8.93	10/03/09	-34.42	19.24	02/09/08	8.93	10/03/09	-	-	-	-
OHRA NW ENERGY FND	NL0000441897	NL0000441897	AMS	OHNEF	EUR	6.68	12 862	3.09	16/07/09 10:00	85 918	null	6.68	6.68	16/07/09 10:00	6.68	16/07/09 10:00	22.57	7.34	12/06/09	4.16	10/03/09	-38.26	11.99	01/09/08	4.16	10/03/09	-	-	-	-
OHRA OBL DIVIDEND	NL0000441673	NL0000441673	AMS	OHODF	EUR	30.81	570	-0.1	16/07/09 10:00	17 562	null	30.81	30.81	16/07/09 10:00	30.81	16/07/09 10:00	-0.29	31	12/01/09	29.63	24/04/09	6.83	31	12/01/09	28.37	24/07/08	-	-	-	-
OHRA ONR GOED FNDS	NL0000441681	NL0000441681	AMS	OHORG	EUR	39.12	641	1.8	16/07/09 10:00	25 076	null	39.12	39.12	16/07/09 10:00	39.12	16/07/09 10:00	1.98	42.53	07/01/09	28.36	09/03/09	-25.39	61.76	09/09/08	28.36	09/03/09	-	-	-	-
OHRA SPAARDIVIDEND	NL0000441723	NL0000441723	AMS	OHSD	EUR	20.59	304	0	16/07/09 10:00	6 259	null	20.59	20.59	16/07/09 10:00	20.59	16/07/09 10:00	-1.67	21.16	22/04/09	20.33	24/04/09	0.49	21.16	22/04/09	20.33	24/04/09	-	-	-	-
OHRA TECHN TRND FD	NL0006259657	NL0006259657	AMS	OHTT	EUR	6.83	3 504	3.17	16/07/09 10:00	23 932	null	6.83	6.83	16/07/09 10:00	6.83	16/07/09 10:00	42.29	6.83	16/07/09	4.82	10/03/09	3.33	7.73	18/08/08	4.6	21/11/08	-	-	-	-
OHRA TOTAAL FONDS	NL0000441699	NL0000441699	AMS	OHTF	EUR	20.08	636	1.16	16/07/09 10:00	12 771	null	20.08	20.08	16/07/09 10:00	20.08	16/07/09 10:00	7.55	20.36	12/06/09	17.52	10/03/09	-7.76	23.26	29/08/08	17.52	10/03/09	-	-	-	-
OPTIMIX AMERICA FD	NL0000287118	NL0000287118	AMS	OPTAF	EUR	5.79	39	2.66	16/07/09 10:00	226	null	5.79	5.79	16/07/09 10:00	5.79	16/07/09 10:00	7.02	6.15	07/05/09	4.99	10/03/09	1.94	6.2	05/11/08	4.95	21/11/08	-	-	-	-
OPTIMIX EMERG MKTS	NL0000287126	NL0000287126	AMS	OPEMF	EUR	39.05	600	3.01	16/07/09 10:00	23 430	null	39.05	39.05	16/07/09 10:00	39.05	16/07/09 10:00	40.87	40.25	02/06/09	26.49	03/03/09	-0.48	41.65	12/08/08	25.87	21/11/08	-	-	-	-
OPTIMIX EUROP-FD D	NL0000287092	NL0000287092	AMS	OPTEF	EUR	72.19	20 244	1.28	16/07/09 10:00	1 461 414	null	72.19	72.19	16/07/09 10:00	72.19	16/07/09 10:00	0.61	76.31	07/01/09	64.27	10/03/09	-24.87	101.01	12/08/08	64.27	10/03/09	-	-	-	-
OPTIMIX INCOM FD C	NL0000287084	NL0000287084	AMS	OPTIN	EUR	31.52	2 440	0.03	16/07/09 10:00	76 909	null	31.52	31.52	16/07/09 10:00	31.52	16/07/09 10:00	0.29	3 039	27/04/09	30.33	24/04/09	-5.37	3 039	27/04/09	30.33	24/04/09	-	-	-	-
OPTIMIX MIX FD   E	NL0000287100	NL0000287100	AMS	OPTMF	EUR	21.85	207	0.97	16/07/09 10:00	4 523	null	21.85	21.85	16/07/09 10:00	21.85	16/07/09 10:00	-10.45	24.75	16/01/09	21.49	13/07/09	-22.44	28.44	12/08/08	21.49	13/07/09	-	-	-	-
ORANGE EUR HDIV FD	NL0000293348	NL0000293348	AMS	OEHDF	EUR	4.57	640 966	2.7	16/07/09 10:00	2 929 215	null	4.57	4.57	16/07/09 10:00	4.57	16/07/09 10:00	3.39	4.78	03/06/09	3.66	10/03/09	-29.48	6.96	12/08/08	3.66	10/03/09	-	-	-	-
ORANGE EUR PROP FD	NL0000289635	NL0000289635	AMS	OREPF	EUR	10.44	847	3.16	16/07/09 10:00	8 843	null	10.44	10.44	16/07/09 10:00	10.44	16/07/09 10:00	9.32	11.18	08/01/09	6.12	10/03/09	-32.73	17.75	13/08/08	6.12	10/03/09	-	-	-	-
ORANGE EUR SMLCAP	NL0000288504	NL0000288504	AMS	OESC	EUR	17.5	146 641	2.82	16/07/09 10:00	2 566 218	null	17.5	17.5	16/07/09 10:00	17.5	16/07/09 10:00	21.36	17.91	12/06/09	12.77	10/03/09	-25.05	25.29	01/09/08	12.77	10/03/09	-	-	-	-
ORANGE FD	NL0000289627	NL0000289627	AMS	ORANG	EUR	32.36	893	2.02	16/07/09 10:00	28 897	null	32.36	32.36	16/07/09 10:00	32.36	16/07/09 10:00	17.2	33.79	15/06/09	23.47	10/03/09	-20.45	43.79	12/08/08	23.47	10/03/09	-	-	-	-
ORANGE GL BOND FND	NL0006311623	NL0006311623	AMS	LSGBA	EUR	53.48	4 184	-0.17	16/07/09 10:00	223 760	null	53.48	53.48	16/07/09 10:00	53.48	16/07/09 10:00	-0.98	55.31	14/05/09	51.38	17/03/09	4.72	55.31	14/05/09	50.43	22/07/08	-	-	-	-
ORANGE GL HI DIV F	NL0006089229	NL0006089229	AMS	OGHDF	EUR	16.13	400 210	1.9	16/07/09 10:00	6 455 387	null	16.13	16.13	16/07/09 10:00	16.13	16/07/09 10:00	5.15	16.58	07/01/09	12.81	10/03/09	-17.66	21.59	03/09/08	12.81	10/03/09	-	-	-	-
ORANGE ORANJE PART	NL0000440675	NL0000440675	AMS	ORAPT	EUR	52.08	216 519	29.52	01/07/09 10:00	11 276 310	null	52.08	52.08	01/07/09 10:00	52.08	01/07/09 10:00	-18.2	52.08	01/07/09	40.21	01/04/09	-28.90	63.67	01/10/08	40.21	01/04/09	-	-	-	-
ORANGE SENSE FUND	NL0000113082	NL0000113082	AMS	OSENS	EUR	15.85	4 116	2.52	16/07/09 10:00	65 239	null	15.85	15.85	16/07/09 10:00	15.85	16/07/09 10:00	4.83	16.55	12/06/09	11.66	10/03/09	-28.86	23.62	03/09/08	11.66	10/03/09	-	-	-	-
PHOENIX FUND	NL0006056491	NL0006056491	AMS	PHNXF	EUR	8.95	1 794	0	16/07/09 10:00	16 056	null	8.95	8.95	16/07/09 10:00	8.95	16/07/09 10:00	-23.63	12.15	09/01/09	8.62	11/05/09	-64.67	25.5	17/07/08	8.62	11/05/09	-	-	-	-
RB HG DIV ONR GOED	NL0000286995	NL0000286995	AMS	RBHOG	EUR	9.81	188	2.72	16/07/09 10:00	1 844	null	9.81	9.81	16/07/09 10:00	9.81	16/07/09 10:00	-4.66	11.17	07/01/09	7	10/03/09	-41.36	18.65	12/08/08	7	10/03/09	-	-	-	-
RO AFRIKA FONDS	NL0006238131	NL0006238131	AMS	RAFRI	EUR	76.64	421	1.4	16/07/09 10:00	32 265	null	76.64	76.64	16/07/09 10:00	76.64	16/07/09 10:00	39.19	78.15	02/07/09	50.3	10/03/09	-16.23	94.76	01/09/08	50.3	10/03/09	-	-	-	-
RO BALANCED MIX	NL0000289833	NL0000289833	AMS	ROBM	EUR	42.31	4 840	0.38	16/07/09 10:00	204 780	null	42.31	42.31	16/07/09 10:00	42.31	16/07/09 10:00	0.83	43.93	07/01/09	37.46	10/03/09	-9.11	48.98	03/09/08	37.46	10/03/09	-	-	-	-
RO COMMODITY FUND	NL0000290708	NL0000290708	AMS	ROCOM	EUR	19.96	17 227	1.42	16/07/09 10:00	343 851	null	19.96	19.96	16/07/09 10:00	19.96	16/07/09 10:00	8.66	21.66	12/06/09	17.81	03/03/09	-43.20	34.6	16/07/08	17.58	08/12/08	-	-	-	-
RO DIVIRENTE A	NL0000290005	NL0000290005	AMS	RODIV	EUR	18.56	2 626	0.05	16/07/09 10:00	48 739	null	18.56	18.56	16/07/09 10:00	18.56	16/07/09 10:00	-0.27	18.68	20/01/09	17.94	16/04/09	-12.29	21.16	18/07/08	17.94	16/04/09	-	-	-	-
RO DUURZAAM AAND A	NL0000288843	NL0000288843	AMS	RODZM	EUR	30.67	782	2.37	16/07/09 10:00	23 984	null	30.67	30.67	16/07/09 10:00	30.67	16/07/09 10:00	4.64	31.85	07/01/09	25	10/03/09	-21.44	41.77	01/09/08	25	10/03/09	-	-	-	-
RO DYNAMIC MIX	NL0000289825	NL0000289825	AMS	RODYM	EUR	27.34	1 163	1.98	16/07/09 10:00	31 796	null	27.34	27.34	16/07/09 10:00	27.34	16/07/09 10:00	2.9	29.04	07/01/09	21.77	10/03/09	-23.48	38.56	12/08/08	21.77	10/03/09	-	-	-	-
RO EURO OBL DIV B	NL0000290054	NL0000290054	AMS	ROEOD	EUR	23.53	14 168	-0.13	16/07/09 10:00	333 373	null	23.53	23.53	16/07/09 10:00	23.53	16/07/09 10:00	1.77	23.64	14/07/09	22.71	19/03/09	2.71	23.95	27/11/08	22.58	23/09/08	-	-	-	-
RO HIGH YIELD OBL	NL0000290062	NL0000290062	AMS	ROHYO	EUR	20.16	36 949	2.23	16/07/09 10:00	744 892	null	20.16	20.16	16/07/09 10:00	20.16	16/07/09 10:00	31.51	20.16	16/07/09	15.13	11/03/09	-8.45	22.47	19/08/08	14.66	15/12/08	-	-	-	-
RO HOLLANDS BEZIT	NL0000286615	NL0000286615	AMS	ROHOL	EUR	15.96	1 878	2.18	16/07/09 10:00	29 973	null	15.96	15.96	16/07/09 10:00	15.96	16/07/09 10:00	3.3	17.72	21/05/09	12.86	09/03/09	-31.47	25.26	03/09/08	12.86	09/03/09	-	-	-	-
RO LIFE CYCLE A 12	NL0006227233	NL0006227233	AMS	RLCA	EUR	41.38	2	-0.48	14/07/09 10:00	83	null	41.38	41.38	14/07/09 10:00	41.38	14/07/09 10:00	-5.37	41.58	02/07/09	37.36	10/03/09	-13.74	48.61	12/08/08	37.36	10/03/09	-	-	-	-
RO LIFE CYCLE B 15	NL0006227241	NL0006227241	AMS	RLCB	EUR	35.38	1	0.77	13/03/09 10:00	35	null	35.38	35.38	13/03/09 10:00	35.38	13/03/09 10:00	-11.42	35.38	13/03/09	34.37	10/03/09	-25.23	48.19	12/08/08	34.37	10/03/09	-	-	-	-
RO LIFE CYCLE C 20	NL0006227258	NL0006227258	AMS	RLCC	EUR	30.05	1	-0.6	12/03/09 10:00	30	null	30.05	30.05	12/03/09 10:00	30.05	12/03/09 10:00	-23.09	30.23	11/03/09	29.36	10/03/09	-34.90	47.37	12/08/08	29.36	10/03/09	-	-	-	-
RO LIFE CYCLE D 25	NL0006227266	NL0006227266	AMS	RLCD	EUR	33.65	253	-0.85	08/07/09 10:00	8 513	null	33.65	33.65	08/07/09 10:00	33.65	08/07/09 10:00	-11.31	34.69	05/01/09	27.7	10/03/09	-26.51	47.07	12/08/08	27.7	10/03/09	-	-	-	-
RO LIFE CYCLE E 30	NL0006227274	NL0006227274	AMS	RLCE	EUR	31.18	55	18.74	08/07/09 10:00	1 715	null	31.18	31.18	08/07/09 10:00	31.18	08/07/09 10:00	-13.6	31.18	08/07/09	24.65	10/03/09	-31.28	46.74	12/08/08	24.65	10/03/09	-	-	-	-
RO LIFE CYCLE F 35	NL0006227282	NL0006227282	AMS	RLCF	EUR	31.44	143	-1.63	08/07/09 10:00	4 496	null	31.44	31.44	08/07/09 10:00	31.44	08/07/09 10:00	7.16	32.87	09/06/09	24	10/03/09	-30.57	46.5	12/08/08	24	10/03/09	-	-	-	-
RO LIFE CYCLE G 40	NL0006227290	NL0006227290	AMS	RLCG	EUR	29.56	2	16.15	16/04/09 10:00	59	null	29.56	29.56	16/04/09 10:00	29.56	16/04/09 10:00	1.23	31.88	05/01/09	24.54	06/03/09	-34.72	46.51	12/08/08	24.54	06/03/09	-	-	-	-
RO YOUNG DYN	NL0000288801	NL0000288801	AMS	ROYDY	EUR	8.13	669	2.26	16/07/09 10:00	5 439	null	8.13	8.13	16/07/09 10:00	8.13	16/07/09 10:00	10.31	8.54	07/05/09	6.13	10/03/09	-22.65	11.7	12/08/08	6.13	10/03/09	-	-	-	-
ROBECO	NL0000289783	NL0000289783	AMS	ROBA	EUR	16.72	17 133	2.45	16/07/09 10:00	286 464	null	16.72	16.72	16/07/09 10:00	16.72	16/07/09 10:00	4.57	17.6	07/01/09	13.21	10/03/09	-21.87	23.51	03/09/08	13.21	10/03/09	-	-	-	-
ROBECO GROWTH MIX	NL0000288660	NL0000288660	AMS	ROGMX	EUR	38.17	4 394	1.49	16/07/09 10:00	167 719	null	38.17	38.17	16/07/09 10:00	38.17	16/07/09 10:00	3.16	39.98	07/01/09	31.48	10/03/09	-16.33	48.86	03/09/08	31.48	10/03/09	-	-	-	-
ROBECO SAFE MIX	NL0000288629	NL0000288629	AMS	ROSMX	EUR	44.73	4 292	-0.18	16/07/09 10:00	191 981	null	44.73	44.73	16/07/09 10:00	44.73	16/07/09 10:00	-0.38	45.19	06/01/09	43.53	05/03/09	1.73	45.19	06/01/09	43	16/10/08	-	-	-	-
ROBECO SOLID MIX	NL0000288645	NL0000288645	AMS	ROSLX	EUR	40.82	2 004	0.44	16/07/09 10:00	81 803	null	40.82	40.82	16/07/09 10:00	40.82	16/07/09 10:00	0.12	42.06	07/01/09	37.68	10/03/09	-5.05	44.56	09/09/08	37.68	10/03/09	-	-	-	-
ROLINCO	NL0000289817	NL0000289817	AMS	ROLA	EUR	14.22	6 654	2.38	16/07/09 10:00	94 620	null	14.22	14.22	16/07/09 10:00	14.22	16/07/09 10:00	9.64	14.66	15/06/09	11.23	10/03/09	-23.92	19.74	29/08/08	11.23	10/03/09	-	-	-	-
RORENTO	ANN757371433	NSCNL0122107	AMS	RORA	EUR	42.6	9 354	-0.23	16/07/09 10:00	398 480	null	42.6	42.6	16/07/09 10:00	42.6	16/07/09 10:00	-1.3	43.32	15/01/09	40.65	06/04/09	-1.18	44.05	10/09/08	40.65	06/04/09	-	-	-	-
SNS AMERIK AAND FD	NL0000291136	NL0000291136	AMS	SNSAM	EUR	9.55	436	2.03	16/07/09 10:00	4 164	null	9.55	9.55	16/07/09 10:00	9.55	16/07/09 10:00	6.7	9.98	07/01/09	7.91	10/03/09	-11.90	12.54	12/09/08	7.91	10/03/09	-	-	-	-
SNS AZIE AAND FNDS	NL0000291128	NL0000291128	AMS	SNSAZ	EUR	13.67	72	-0.22	16/07/09 10:00	984	null	13.67	13.67	16/07/09 10:00	13.67	16/07/09 10:00	10.06	14.19	11/06/09	11.04	09/03/09	-9.17	16.12	24/07/08	11.04	09/03/09	-	-	-	-
SNS DUURZAAM AANDF	NL0000291110	NL0000291110	AMS	SNSDA	EUR	14.41	19 082	1.41	15/07/09 10:00	274 972	null	14.41	14.41	15/07/09 10:00	14.41	15/07/09 10:00	2.05	15.32	07/01/09	11.43	10/03/09	-25.53	20.6	12/08/08	11.43	10/03/09	-	-	-	-
SNS EURO AAND FNDS	NL0000291086	NL0000291086	AMS	SNEAF	EUR	16.96	2 748	2.73	16/07/09 10:00	46 606	null	16.96	16.96	16/07/09 10:00	16.96	16/07/09 10:00	5.15	17.59	07/01/09	13.1	10/03/09	-23.64	23.62	12/08/08	13.1	10/03/09	-	-	-	-
SNS EURO LIQ FONDS	NL0000291011	NL0000291011	AMS	SNSGD	EUR	22.62	165	0	16/07/09 10:00	3 732	null	22.62	22.62	16/07/09 10:00	22.62	16/07/09 10:00	-1.22	23.13	20/04/09	22.41	24/04/09	0.22	23.13	20/04/09	22.41	24/04/09	-	-	-	-
SNS EURO MIX FONDS	NL0000291094	NL0000291094	AMS	SNEMF	EUR	22.14	7 435	1.47	16/07/09 10:00	164 611	null	22.14	22.14	16/07/09 10:00	22.14	16/07/09 10:00	2.74	22.4	07/01/09	19.42	10/03/09	-9.00	25.25	03/09/08	19.42	10/03/09	-	-	-	-
SNS EURO OBLIGFNDS	NL0000291060	NL0000291060	AMS	SEODF	EUR	24.59	3 245	-0.12	16/07/09 10:00	79 795	null	24.59	24.59	16/07/09 10:00	24.59	16/07/09 10:00	-1.05	24.91	05/01/09	24	08/06/09	4.68	24.93	29/12/08	23.26	24/07/08	-	-	-	-
SNS EURO VASTGOED	NL0000291151	NL0000291151	AMS	SNEVG	EUR	24.47	267	2.43	16/07/09 10:00	6 533	null	24.47	24.47	16/07/09 10:00	24.47	16/07/09 10:00	4.62	27.23	07/01/09	16.36	10/03/09	-30.58	40.04	13/08/08	16.36	10/03/09	-	-	-	-
SNS HOOGDIV AANDFD	NL0000291102	NL0000291102	AMS	SSPAF	EUR	13.96	116	2.87	16/07/09 10:00	1 619	null	13.96	13.96	16/07/09 10:00	13.96	16/07/09 10:00	-5.93	15.59	07/01/09	11.08	10/03/09	-25.27	20.08	12/08/08	11.08	10/03/09	-	-	-	-
SNS NED AAND FONDS	NL0000291037	NL0000291037	AMS	SNSNA	EUR	28.74	5 768	3.75	16/07/09 10:00	165 772	null	28.74	28.74	16/07/09 10:00	28.74	16/07/09 10:00	2.42	30.67	07/01/09	22.87	10/03/09	-35.47	47.11	03/09/08	22.87	10/03/09	-	-	-	-
SNS OPK LAND AF	NL0000293371	NL0000293371	AMS	SNSOL	EUR	17.52	1 214	2.04	16/07/09 10:00	21 269	null	17.52	17.52	16/07/09 10:00	17.52	16/07/09 10:00	36.13	17.71	03/06/09	12.39	09/03/09	-15.28	21.55	24/07/08	11.69	24/11/08	-	-	-	-
SNS OPTI GEEL 17	NL0000286631	NL0000286631	AMS	SNSPG	EUR	26.13	2 648	0.31	16/07/09 10:00	69 192	null	26.13	26.13	16/07/09 10:00	26.13	16/07/09 10:00	0	26.6	06/01/09	25.04	10/03/09	-1.58	27.32	03/09/08	25.04	10/03/09	-	-	-	-
SNS OPTI ORANJE 18	NL0000286649	NL0000286649	AMS	SNSPO	EUR	26.99	178	0.75	16/07/09 10:00	4 804	null	26.99	26.99	16/07/09 10:00	26.99	16/07/09 10:00	2.78	27.35	07/01/09	24.18	10/03/09	-5.17	29.8	03/09/08	24.18	10/03/09	-	-	-	-
SNS OPTI ROOD 19	NL0000286656	NL0000286656	AMS	SNSPR	EUR	24.97	405	1.38	16/07/09 10:00	10 113	null	24.97	24.97	16/07/09 10:00	24.97	16/07/09 10:00	6.98	25.2	07/01/09	20.41	10/03/09	-11.17	30.02	18/08/08	20.41	10/03/09	-	-	-	-
SNS OPTIMAAL BLAUW	NL0006056822	NL0006056822	AMS	SNSPB	EUR	25.04	2	0.2	16/07/09 10:00	50	null	25.04	25.04	16/07/09 10:00	25.04	16/07/09 10:00	0.64	25.11	20/04/09	24.43	10/03/09	1.17	25.17	11/09/08	24.43	10/03/09	-	-	-	-
SNS OPTIMAAL PAARS	NL0000291193	NL0000291193	AMS	SNSPP	EUR	10.21	664	1.49	16/07/09 10:00	6 779	null	10.21	10.21	16/07/09 10:00	10.21	16/07/09 10:00	9.55	10.38	15/06/09	7.82	10/03/09	-16.24	13.26	12/08/08	7.82	10/03/09	-	-	-	-
SNS WERELD AANDFDS	NL0000291144	NL0000291144	AMS	SNSWF	EUR	11.48	2 835	1.77	16/07/09 10:00	32 546	null	11.48	11.48	16/07/09 10:00	11.48	16/07/09 10:00	6.49	11.85	07/01/09	9.21	10/03/09	-16.39	14.93	12/08/08	9.21	10/03/09	-	-	-	-
SUSTAINABLE VAL FD	NL0006239006	NL0006239006	AMS	INSVF	EUR	18.64	400	-1.58	07/07/09 10:00	7 456	null	18.64	18.64	07/07/09 10:00	18.64	07/07/09 10:00	7.37	19.36	15/06/09	15.75	03/03/09	-20.65	24.76	01/09/08	15.75	03/03/09	-	-	-	-
T&P ALLEGRETTO FD	NL0000290088	NL0000290088	AMS	TP	EUR	7.28	143	2.54	16/07/09 10:00	1 041	null	7.28	7.28	16/07/09 10:00	7.28	16/07/09 10:00	5.66	7.43	12/06/09	6.08	10/03/09	-24.87	9.91	24/07/08	6.08	10/03/09	-	-	-	-
TRIODO MW AAND FDS	NL0000289742	NL0000289742	AMS	TMWAB	EUR	16.37	1 879	2.06	16/07/09 10:00	30 759	null	16.37	16.37	16/07/09 10:00	16.37	16/07/09 10:00	9.43	16.94	12/06/09	12.8	10/03/09	-23.00	23.45	01/09/08	12.8	10/03/09	-	-	-	-
TRIODO MW MIXFDS A	NL0000288116	NL0000288116	AMS	MWMXF	EUR	23.21	335	0.74	16/07/09 10:00	7 775	null	23.21	23.21	16/07/09 10:00	23.21	16/07/09 10:00	2.84	23.3	20/04/09	21.41	10/03/09	-7.82	26.36	01/09/08	21.41	10/03/09	-	-	-	-
TRIODOS CULT FONDS	NL0000290948	NL0000290948	AMS	TCF	EUR	25.92	3 493	0	16/07/09 10:00	90 539	null	25.92	25.92	16/07/09 10:00	25.92	16/07/09 10:00	-1.07	26.33	22/04/09	25.44	12/06/09	6.36	26.33	22/04/09	24.12	24/07/08	-	-	-	-
TRIODOS GROENFONDS	NL0000440204	NL0000440204	AMS	TRIGF	EUR	57.55	4 486	0.02	16/07/09 10:00	258 169	null	57.55	57.55	16/07/09 10:00	57.55	16/07/09 10:00	-1.03	58.8	22/04/09	56.86	12/06/09	4.73	58.8	22/04/09	54.62	24/07/08	-	-	-	-
TRIODOS MW OBL FDS	NL0000289759	NL0000289759	AMS	TMWOC	EUR	27.8	633	0.11	16/07/09 10:00	17 597	null	27.8	27.8	16/07/09 10:00	27.8	16/07/09 10:00	-0.04	28.18	27/04/09	27.17	12/06/09	2.28	28.18	27/04/09	26.83	21/10/08	-	-	-	-
TRIODOS VASTGOED	NL0000079333	NL0000079333	AMS	TVG	EUR	6.21	15 265	0	16/07/09 10:00	94 796	null	6.21	6.21	16/07/09 10:00	6.21	16/07/09 10:00	-7.86	6.85	30/03/09	6.14	03/07/09	-11.79	7.04	07/10/08	6.14	03/07/09	-	-	-	-
WP STEWART HOLD FD	LU0237485098	LU0237485098	AMS	WPSH	USD	128.02	0	0	16/07/09 10:00	0	null	128.02	0	-	0	-	17.89	128.02	16/07/09	0	-	-11.40	170.39	29/08/08	-	03/07/09	-	-	-	-
